@T,table,
Created,5/10/2018 9:03,
Author,HortonMachine library,
@H,timestamp,value_1
ID,,1
Type,Date,Double
Format,yyyy-MM-dd HH:mm,
,2018-03-05 00:00,689.98551
,2018-03-05 00:05,820.54214
,2018-03-05 00:10,157.68876
,2018-03-05 00:15,603.24868
,2018-03-05 00:20,188.96489
,2018-03-05 00:25,913.81834
,2018-03-05 00:30,842.58401
,2018-03-05 00:35,205.76878
,2018-03-05 00:40,642.12897
,2018-03-05 00:45,27.8434
,2018-03-05 00:50,41.11247
,2018-03-05 00:55,576.80367
,2018-03-05 01:00,487.16706
,2018-03-05 01:05,25.01825
,2018-03-05 01:10,414.62139
,2018-03-05 01:15,289.77145
,2018-03-05 01:20,771.29699
,2018-03-05 01:25,51.18285
,2018-03-05 01:30,964.81387
,2018-03-05 01:35,562.13739
,2018-03-05 01:40,439.88051
,2018-03-05 01:45,451.5705
,2018-03-05 01:50,826.71995
,2018-03-05 01:55,845.90176
,2018-03-05 02:00,292.17626
,2018-03-05 02:05,963.0085
,2018-03-05 02:10,846.21625
,2018-03-05 02:15,66.88648
,2018-03-05 02:20,183.47067
,2018-03-05 02:25,235.50167
,2018-03-05 02:30,6.4652
,2018-03-05 02:35,191.32594
,2018-03-05 02:40,472.84824
,2018-03-05 02:45,904.32484
,2018-03-05 02:50,768.24483
,2018-03-05 02:55,714.37539
,2018-03-05 03:00,444.55028
,2018-03-05 03:05,104.76816
,2018-03-05 03:10,727.31868
,2018-03-05 03:15,456.10704
,2018-03-05 03:20,173.25157
,2018-03-05 03:25,289.44198
,2018-03-05 03:30,508.30414
,2018-03-05 03:35,628.33738
,2018-03-05 03:40,488.03267
,2018-03-05 03:45,948.81788
,2018-03-05 03:50,201.20649
,2018-03-05 03:55,941.74609
,2018-03-05 04:00,554.91881
,2018-03-05 04:05,406.68757
,2018-03-05 04:10,91.09031
,2018-03-05 04:15,259.31683
,2018-03-05 04:20,453.24918
,2018-03-05 04:25,819.79609
,2018-03-05 04:30,811.47991
,2018-03-05 04:35,750.65062
,2018-03-05 04:40,331.67412
,2018-03-05 04:45,402.50427
,2018-03-05 04:50,457.11559
,2018-03-05 04:55,620.4241
,2018-03-05 05:00,238.24722
,2018-03-05 05:05,509.12651
,2018-03-05 05:10,369.95003
,2018-03-05 05:15,691.34658
,2018-03-05 05:20,527.21031
,2018-03-05 05:25,970.73196
,2018-03-05 05:30,315.02196
,2018-03-05 05:35,580.23951
,2018-03-05 05:40,987.97878
,2018-03-05 05:45,639.07138
,2018-03-05 05:50,965.98055
,2018-03-05 05:55,805.25684
,2018-03-05 06:00,227.8814
,2018-03-05 06:05,941.20073
,2018-03-05 06:10,593.72187
,2018-03-05 06:15,423.28591
,2018-03-05 06:20,849.30006
,2018-03-05 06:25,984.94889
,2018-03-05 06:30,488.37358
,2018-03-05 06:35,732.64415
,2018-03-05 06:40,21.3949
,2018-03-05 06:45,968.45386
,2018-03-05 06:50,520.7851
,2018-03-05 06:55,880.4208
,2018-03-05 07:00,244.26042
,2018-03-05 07:05,352.92477
,2018-03-05 07:10,95.06801
,2018-03-05 07:15,180.06039
,2018-03-05 07:20,753.25562
,2018-03-05 07:25,29.85236
,2018-03-05 07:30,79.42485
,2018-03-05 07:35,100.61226
,2018-03-05 07:40,101.5641
,2018-03-05 07:45,876.55194
,2018-03-05 07:50,130.52745
,2018-03-05 07:55,352.76446
,2018-03-05 08:00,1.66316
,2018-03-05 08:05,448.76593
,2018-03-05 08:10,736.80203
,2018-03-05 08:15,749.50108
,2018-03-05 08:20,681.07357
,2018-03-05 08:25,274.09319
,2018-03-05 08:30,868.40293
,2018-03-05 08:35,129.9322
,2018-03-05 08:40,557.76539
,2018-03-05 08:45,266.062
,2018-03-05 08:50,994.60881
,2018-03-05 08:55,486.16001
,2018-03-05 09:00,399.49835
,2018-03-05 09:05,864.77495
,2018-03-05 09:10,85.94554
,2018-03-05 09:15,606.62509
,2018-03-05 09:20,694.51398
,2018-03-05 09:25,475.91364
,2018-03-05 09:30,972.13254
,2018-03-05 09:35,232.4468
,2018-03-05 09:40,156.65675
,2018-03-05 09:45,2.34397
,2018-03-05 09:50,972.4591
,2018-03-05 09:55,180.30925
,2018-03-05 10:00,704.68944
,2018-03-05 10:05,657.97572
,2018-03-05 10:10,457.5077
,2018-03-05 10:15,179.24743
,2018-03-05 10:20,294.0224
,2018-03-05 10:25,888.6396
,2018-03-05 10:30,100.99628
,2018-03-05 10:35,659.62159
,2018-03-05 10:40,482.94117
,2018-03-05 10:45,885.20114
,2018-03-05 10:50,793.57127
,2018-03-05 10:55,21.58716
,2018-03-05 11:00,625.98859
,2018-03-05 11:05,887.64207
,2018-03-05 11:10,826.25381
,2018-03-05 11:15,125.52066
,2018-03-05 11:20,415.72641
,2018-03-05 11:25,15.71024
,2018-03-05 11:30,482.64362
,2018-03-05 11:35,585.36166
,2018-03-05 11:40,794.61721
,2018-03-05 11:45,989.51088
,2018-03-05 11:50,377.31937
,2018-03-05 11:55,765.49599
,2018-03-05 12:00,474.94066
,2018-03-05 12:05,636.8733
,2018-03-05 12:10,685.68394
,2018-03-05 12:15,734.49459
,2018-03-05 12:20,783.30523
,2018-03-05 12:25,832.11587
,2018-03-05 12:30,880.92652
,2018-03-05 12:35,929.73716
,2018-03-05 12:40,978.54781
,2018-03-05 12:45,1027.35845
,2018-03-05 12:50,1076.1691
,2018-03-05 12:55,1124.97974
,2018-03-05 13:00,1173.79039
,2018-03-05 13:05,1222.60103
,2018-03-05 13:10,1271.41167
,2018-03-05 13:15,1320.22232
,2018-03-05 13:20,1369.03296
,2018-03-05 13:25,1417.84361
,2018-03-05 13:30,659.62159
,2018-03-05 13:35,482.94117
,2018-03-05 13:40,885.20114
,2018-03-05 13:45,793.57127
,2018-03-05 13:50,21.58716
,2018-03-05 13:55,625.98859
,2018-03-05 14:00,887.64207
,2018-03-05 14:05,826.25381
,2018-03-05 14:10,125.52066
,2018-03-05 14:15,415.72641
,2018-03-05 14:20,15.71024
,2018-03-05 14:25,482.64362
,2018-03-05 14:30,585.36166
,2018-03-05 14:35,794.61721
,2018-03-05 14:40,989.51088
,2018-03-05 14:45,377.31937
,2018-03-05 14:50,765.49599
,2018-03-05 14:55,557.76539
,2018-03-05 15:00,266.062
,2018-03-05 15:05,994.60881
,2018-03-05 15:10,486.16001
,2018-03-05 15:15,399.49835
,2018-03-05 15:20,864.77495
,2018-03-05 15:25,85.94554
,2018-03-05 15:30,606.62509
,2018-03-05 15:35,694.51398
,2018-03-05 15:40,475.91364
,2018-03-05 15:45,972.13254
,2018-03-05 15:50,232.4468
,2018-03-05 15:55,156.65675
,2018-03-05 16:00,2.34397
,2018-03-05 16:05,972.4591
,2018-03-05 16:10,180.30925
,2018-03-05 16:15,704.68944
,2018-03-05 16:20,657.97572
,2018-03-05 16:25,457.5077
,2018-03-05 16:30,179.24743
,2018-03-05 16:35,294.0224
,2018-03-05 16:40,888.6396
,2018-03-05 16:45,100.99628
,2018-03-05 16:50,659.62159
,2018-03-05 16:55,402.18387
,2018-03-05 17:00,382.03861
,2018-03-05 17:05,361.89336
,2018-03-05 17:10,341.7481
,2018-03-05 17:15,321.60285
,2018-03-05 17:20,301.45759
,2018-03-05 17:25,281.31234
,2018-03-05 17:30,261.16708
,2018-03-05 17:35,241.02182
,2018-03-05 17:40,220.87657
,2018-03-05 17:45,200.73131
,2018-03-05 17:50,180.58606
,2018-03-05 17:55,160.4408
,2018-03-05 18:00,140.29555
,2018-03-05 18:05,989.51088
,2018-03-05 18:10,377.31937
,2018-03-05 18:15,765.49599
,2018-03-05 18:20,474.94066
,2018-03-05 18:25,636.8733
,2018-03-05 18:30,685.68394
,2018-03-05 18:35,734.49459
,2018-03-05 18:40,783.30523
,2018-03-05 18:45,832.11587
,2018-03-05 18:50,880.92652
,2018-03-05 18:55,929.73716
,2018-03-05 19:00,978.54781
,2018-03-05 19:05,1027.35845
,2018-03-05 19:10,685.68394
,2018-03-05 19:15,734.49459
,2018-03-05 19:20,783.30523
,2018-03-05 19:25,832.11587
,2018-03-05 19:30,880.92652
,2018-03-05 19:35,929.73716
,2018-03-05 19:40,978.54781
,2018-03-05 19:45,100.99628
,2018-03-05 19:50,659.62159
,2018-03-05 19:55,402.18387
,2018-03-05 20:00,382.03861
,2018-03-05 20:05,361.89336
,2018-03-05 20:10,341.7481
,2018-03-05 20:15,321.60285
,2018-03-05 20:20,301.45759
,2018-03-05 20:25,281.31234
,2018-03-05 20:30,261.16708
,2018-03-05 20:35,241.02182
,2018-03-05 20:40,220.87657
,2018-03-05 20:45,200.73131
,2018-03-05 20:50,180.58606
,2018-03-05 20:55,160.4408
,2018-03-05 21:00,140.29555
,2018-03-05 21:05,704.68944
,2018-03-05 21:10,657.97572
,2018-03-05 21:15,457.5077
,2018-03-05 21:20,179.24743
,2018-03-05 21:25,294.0224
,2018-03-05 21:30,888.6396
,2018-03-05 21:35,100.99628
,2018-03-05 21:40,659.62159
,2018-03-05 21:45,402.18387
,2018-03-05 21:50,382.03861
,2018-03-05 21:55,361.89336
,2018-03-05 22:00,341.7481
,2018-03-05 22:05,321.60285
,2018-03-05 22:10,689.98551
,2018-03-05 22:15,820.54214
,2018-03-05 22:20,157.68876
,2018-03-05 22:25,603.24868
,2018-03-05 22:30,188.96489
,2018-03-05 22:35,913.81834
,2018-03-05 22:40,842.58401
,2018-03-05 22:45,205.76878
,2018-03-05 22:50,642.12897
,2018-03-05 22:55,27.8434
,2018-03-05 23:00,41.11247
,2018-03-05 23:05,576.80367
,2018-03-05 23:10,487.16706
,2018-03-05 23:15,25.01825
,2018-03-05 23:20,414.62139
,2018-03-05 23:25,289.77145
,2018-03-05 23:30,771.29699
,2018-03-05 23:35,51.18285
,2018-03-05 23:40,964.81387
,2018-03-05 23:45,562.13739
,2018-03-05 23:50,439.88051
,2018-03-05 23:55,451.5705
,2018-03-06 00:00,826.71995
,2018-03-06 00:05,8889.24844
,2018-03-06 00:10,6605.15385
,2018-03-06 00:15,2882.89524
,2018-03-06 00:20,4664.28666
,2018-03-06 00:25,2301.27018
,2018-03-06 00:30,2141.64051
,2018-03-06 00:35,5356.88239
,2018-03-06 00:40,5939.11396
,2018-03-06 00:45,5364.99911
,2018-03-06 00:50,7348.01208
,2018-03-06 00:55,6992.69499
,2018-03-06 01:00,6122.04788
,2018-03-06 01:05,6911.83427
,2018-03-06 01:10,7258.42676
,2018-03-06 01:15,7859.2589
,2018-03-06 01:20,9228.83372
,2018-03-06 01:25,6642.44223
,2018-03-06 01:30,1938.83294
,2018-03-06 01:35,488.29441
,2018-03-06 01:40,1025.06433
,2018-03-06 01:45,5275.23619
,2018-03-06 01:50,4995.09324
,2018-03-06 01:55,3769.81071
,2018-03-06 02:00,9571.99731
,2018-03-06 02:05,4193.47078
,2018-03-06 02:10,514.17543
,2018-03-06 02:15,559.10863
,2018-03-06 02:20,7740.99152
,2018-03-06 02:25,4575.79186
,2018-03-06 02:30,4943.05541
,2018-03-06 02:35,7546.26754
,2018-03-06 02:40,6952.34461
,2018-03-06 02:45,9779.20103
,2018-03-06 02:50,4321.62534
,2018-03-06 02:55,455.47562
,2018-03-06 03:00,7221.02585
,2018-03-06 03:05,1195.60673
,2018-03-06 03:10,5439.07085
,2018-03-06 03:15,4718.22031
,2018-03-06 03:20,3218.1684
,2018-03-06 03:25,1748.42688
,2018-03-06 03:30,5204.34923
,2018-03-06 03:35,8395.30948
,2018-03-06 03:40,5800.70096
,2018-03-06 03:45,4557.07158
,2018-03-06 03:50,4973.50062
,2018-03-06 03:55,2165.25923
,2018-03-06 04:00,4230.08081
,2018-03-06 04:05,3275.76939
,2018-03-06 04:10,1737.75282
,2018-03-06 04:15,841.00326
,2018-03-06 04:20,4517.76
,2018-03-06 04:25,7847.58452
,2018-03-06 04:30,9547.67769
,2018-03-06 04:35,7627.65395
,2018-03-06 04:40,5951.90973
,2018-03-06 04:45,3327.41172
,2018-03-06 04:50,3242.99872
,2018-03-06 04:55,2597.50233
,2018-03-06 05:00,9762.63916
,2018-03-06 05:05,1165.30228
,2018-03-06 05:10,1979.28002
,2018-03-06 05:15,2400.23492
,2018-03-06 05:20,5384.33815
,2018-03-06 05:25,2367.05815
,2018-03-06 05:30,8183.54054
,2018-03-06 05:35,4211.37475
,2018-03-06 05:40,7163.25415
,2018-03-06 05:45,782.99117
,2018-03-06 05:50,1859.6281
,2018-03-06 05:55,3466.16634
,2018-03-06 06:00,3188.31026
,2018-03-06 06:05,7806.90342
,2018-03-06 06:10,5707.31131
,2018-03-06 06:15,6318.94551
,2018-03-06 06:20,5455.00513
,2018-03-06 06:25,3638.1063
,2018-03-06 06:30,9490.63318
,2018-03-06 06:35,1282.03184
,2018-03-06 06:40,1943.14665
,2018-03-06 06:45,7838.70865
,2018-03-06 06:50,8264.37141
,2018-03-06 06:55,2260.7393
,2018-03-06 07:00,562.70688
,2018-03-06 07:05,5659.17168
,2018-03-06 07:10,5111.72585
,2018-03-06 07:15,104.00616
,2018-03-06 07:20,4479.25188
,2018-03-06 07:25,749.73764
,2018-03-06 07:30,454.87935
,2018-03-06 07:35,598.07376
,2018-03-06 07:40,8750.03217
,2018-03-06 07:45,2422.75558
,2018-03-06 07:50,7514.92467
,2018-03-06 07:55,9122.77067
,2018-03-06 08:00,3970.33731
,2018-03-06 08:05,2170.39625
,2018-03-06 08:10,181.98477
,2018-03-06 08:15,919.09385
,2018-03-06 08:20,8063.12646
,2018-03-06 08:25,5471.77696
,2018-03-06 08:30,650.49542
,2018-03-06 08:35,1330.53521
,2018-03-06 08:40,7682.93577
,2018-03-06 08:45,7406.60078
,2018-03-06 08:50,8661.50153
,2018-03-06 08:55,8392.52314
,2018-03-06 09:00,3325.59948
,2018-03-06 09:05,2880.56095
,2018-03-06 09:10,9184.60636
,2018-03-06 09:15,5938.76631
,2018-03-06 09:20,2360.17973
,2018-03-06 09:25,828.68272
,2018-03-06 09:30,5011.38494
,2018-03-06 09:35,1948.28043
,2018-03-06 09:40,7462.45705
,2018-03-06 09:45,9134.63793
,2018-03-06 09:50,2659.54881
,2018-03-06 09:55,7608.76232
,2018-03-06 10:00,3831.23657
,2018-03-06 10:05,380.32154
,2018-03-06 10:10,4084.62669
,2018-03-06 10:15,820.55397
,2018-03-06 10:20,3785.16545
,2018-03-06 10:25,4774.38393
,2018-03-06 10:30,3799.97822
,2018-03-06 10:35,1229.60253
,2018-03-06 10:40,4287.36925
,2018-03-06 10:45,5476.11122
,2018-03-06 10:50,6381.24351
,2018-03-06 10:55,9446.47044
,2018-03-06 11:00,3541.47856
,2018-03-06 11:05,8742.46881
,2018-03-06 11:10,7632.73473
,2018-03-06 11:15,7811.45877
,2018-03-06 11:20,7923.92217
,2018-03-06 11:25,5751.54076
,2018-03-06 11:30,2947.91888
,2018-03-06 11:35,5838.549
,2018-03-06 11:40,3152.61108
,2018-03-06 11:45,4803.41117
,2018-03-06 11:50,9467.63399
,2018-03-06 11:55,4682.79423
,2018-03-06 12:00,328.1631
,2018-03-06 12:05,7319.14667
,2018-03-06 12:10,154.49581
,2018-03-06 12:15,7210.97951
,2018-03-06 12:20,4327.62178
,2018-03-06 12:25,6456.36507
,2018-03-06 12:30,4282.4164
,2018-03-06 12:35,5117.00183
,2018-03-06 12:40,9816.49949
,2018-03-06 12:45,1219.34809
,2018-03-06 12:50,6576.86256
,2018-03-06 12:55,4829.74764
,2018-03-06 13:00,6027.73604
,2018-03-06 13:05,8401.22346
,2018-03-06 13:10,1802.93465
,2018-03-06 13:15,5665.14696
,2018-03-06 13:20,1541.82689
,2018-03-06 13:25,4955.35971
,2018-03-06 13:30,9485.00159
,2018-03-06 13:35,1156.51481
,2018-03-06 13:40,9188.66859
,2018-03-06 13:45,640.24739
,2018-03-06 13:50,9788.1039
,2018-03-06 13:55,5408.48157
,2018-03-06 14:00,6140.77676
,2018-03-06 14:05,7635.56119
,2018-03-06 14:10,8937.9846
,2018-03-06 14:15,1036.88421
,2018-03-06 14:20,8461.72497
,2018-03-06 14:25,5544.54364
,2018-03-06 14:30,74.49145
,2018-03-06 14:35,2417.94009
,2018-03-06 14:40,7975.92095
,2018-03-06 14:45,3213.34077
,2018-03-06 14:50,3695.92572
,2018-03-06 14:55,3912.5018
,2018-03-06 15:00,5160.88342
,2018-03-06 15:05,2382.50711
,2018-03-06 15:10,1597.45757
,2018-03-06 15:15,2132.09562
,2018-03-06 15:20,3006.15763
,2018-03-06 15:25,9664.04317
,2018-03-06 15:30,4762.86728
,2018-03-06 15:35,3445.89311
,2018-03-06 15:40,3604.6556
,2018-03-06 15:45,8089.68952
,2018-03-06 15:50,2436.01362
,2018-03-06 15:55,7585.60146
,2018-03-06 16:00,5270.35652
,2018-03-06 16:05,9111.49229
,2018-03-06 16:10,2350.37348
,2018-03-06 16:15,8842.72657
,2018-03-06 16:20,6211.11616
,2018-03-06 16:25,1805.18826
,2018-03-06 16:30,3907.28477
,2018-03-06 16:35,2047.9646
,2018-03-06 16:40,7136.00698
,2018-03-06 16:45,8139.49672
,2018-03-06 16:50,9592.01575
,2018-03-06 16:55,9710.55389
,2018-03-06 17:00,4212.62478
,2018-03-06 17:05,9033.87053
,2018-03-06 17:10,4345.28391
,2018-03-06 17:15,8122.34021
,2018-03-06 17:20,5275.72217
,2018-03-06 17:25,6820.39191
,2018-03-06 17:30,2874.69839
,2018-03-06 17:35,6996.69958
,2018-03-06 17:40,4410.84708
,2018-03-06 17:45,527.25052
,2018-03-06 17:50,7713.26071
,2018-03-06 17:55,2839.5461
,2018-03-06 18:00,6989.86042
,2018-03-06 18:05,9151.11567
,2018-03-06 18:10,1064.20747
,2018-03-06 18:15,5944.11698
,2018-03-06 18:20,7020.85078
,2018-03-06 18:25,9421.01542
,2018-03-06 18:30,1322.32234
,2018-03-06 18:35,6889.93368
,2018-03-06 18:40,2311.38818
,2018-03-06 18:45,3420.65234
,2018-03-06 18:50,9961.56264
,2018-03-06 18:55,1731.95018
,2018-03-06 19:00,3867.90327
,2018-03-06 19:05,7452.6581
,2018-03-06 19:10,1525.82086
,2018-03-06 19:15,6305.08419
,2018-03-06 19:20,6368.96175
,2018-03-06 19:25,7633.57204
,2018-03-06 19:30,7707.96731
,2018-03-06 19:35,337.79792
,2018-03-06 19:40,8315.94721
,2018-03-06 19:45,2362.7069
,2018-03-06 19:50,5025.09647
,2018-03-06 19:55,4385.6681
,2018-03-06 20:00,2491.62517
,2018-03-06 20:05,2497.69843
,2018-03-06 20:10,4610.63887
,2018-03-06 20:15,1571.4082
,2018-03-06 20:20,6132.93655
,2018-03-06 20:25,8515.54195
,2018-03-06 20:30,4247.72979
,2018-03-06 20:35,5928.2895
,2018-03-06 20:40,9164.94302
,2018-03-06 20:45,9994.23262
,2018-03-06 20:50,7437.18062
,2018-03-06 20:55,940.3263
,2018-03-06 21:00,714.44511
,2018-03-06 21:05,186.84642
,2018-03-06 21:10,6551.12031
,2018-03-06 21:15,4057.75653
,2018-03-06 21:20,1630.58396
,2018-03-06 21:25,9943.64714
,2018-03-06 21:30,8714.07094
,2018-03-06 21:35,8652.69946
,2018-03-06 21:40,8098.18979
,2018-03-06 21:45,9442.16947
,2018-03-06 21:50,7846.50455
,2018-03-06 21:55,8733.99106
,2018-03-06 22:00,7563.38695
,2018-03-06 22:05,9999.6311
,2018-03-06 22:10,7720.17473
,2018-03-06 22:15,6994.14683
,2018-03-06 22:20,444.32823
,2018-03-06 22:25,6051.61234
,2018-03-06 22:30,8763.53731
,2018-03-06 22:35,3580.94843
,2018-03-06 22:40,3048.79946
,2018-03-06 22:45,6506.35725
,2018-03-06 22:50,7381.19477
,2018-03-06 22:55,9195.33682
,2018-03-06 23:00,2679.72707
,2018-03-06 23:05,2453.2718
,2018-03-06 23:10,5335.836
,2018-03-06 23:15,1024.79372
,2018-03-06 23:20,5777.63464
,2018-03-06 23:25,6865.84904
,2018-03-06 23:30,6653.65389
,2018-03-06 23:35,9268.52289
,2018-03-06 23:40,5374.44222
,2018-03-06 23:45,2203.33617
,2018-03-06 23:50,7622.96193
,2018-03-06 23:55,1423.26182
,2018-03-07 00:00,6978.89707
,2018-03-07 00:05,7486.79084
,2018-03-07 00:10,6509.69605
,2018-03-07 00:15,8500.25659
,2018-03-07 00:20,4731.66232
,2018-03-07 00:25,5106.13269
,2018-03-07 00:30,1826.04904
,2018-03-07 00:35,7246.07667
,2018-03-07 00:40,2217.15985
,2018-03-07 00:45,504.91011
,2018-03-07 00:50,2749.32718
,2018-03-07 00:55,5944.85392
,2018-03-07 01:00,1621.38336
,2018-03-07 01:05,2689.37031
,2018-03-07 01:10,1134.2012
,2018-03-07 01:15,7978.32164
,2018-03-07 01:20,992.4477
,2018-03-07 01:25,5785.73055
,2018-03-07 01:30,2615.2397
,2018-03-07 01:35,4241.8954
,2018-03-07 01:40,1248.57296
,2018-03-07 01:45,6986.46156
,2018-03-07 01:50,5812.28324
,2018-03-07 01:55,1298.95907
,2018-03-07 02:00,156.92756
,2018-03-07 02:05,8638.80596
,2018-03-07 02:10,6481.1785
,2018-03-07 02:15,7644.23534
,2018-03-07 02:20,86.65116
,2018-03-07 02:25,7799.89369
,2018-03-07 02:30,5846.01703
,2018-03-07 02:35,5147.6592
,2018-03-07 02:40,4292.45518
,2018-03-07 02:45,9438.89322
,2018-03-07 02:50,5406.67642
,2018-03-07 02:55,8038.92037
,2018-03-07 03:00,4315.0863
,2018-03-07 03:05,4674.43044
,2018-03-07 03:10,3184.52352
,2018-03-07 03:15,9281.94449
,2018-03-07 03:20,7024.60016
,2018-03-07 03:25,2125.26492
,2018-03-07 03:30,9542.64696
,2018-03-07 03:35,2666.53745
,2018-03-07 03:40,4657.45332
,2018-03-07 03:45,2977.3496
,2018-03-07 03:50,6831.4653
,2018-03-07 03:55,7077.83715
,2018-03-07 04:00,9570.71007
,2018-03-07 04:05,315.40466
,2018-03-07 04:10,8086.43322
,2018-03-07 04:15,7054.35628
,2018-03-07 04:20,7109.12605
,2018-03-07 04:25,7198.64725
,2018-03-07 04:30,9376.17833
,2018-03-07 04:35,2491.81111
,2018-03-07 04:40,7878.798
,2018-03-07 04:45,1150.01215
,2018-03-07 04:50,1839.02353
,2018-03-07 04:55,4394.10076
,2018-03-07 05:00,8507.42596
,2018-03-07 05:05,2811.67688
,2018-03-07 05:10,2854.50661
,2018-03-07 05:15,5840.04414
,2018-03-07 05:20,6079.42058
,2018-03-07 05:25,6816.94728
,2018-03-07 05:30,6380.44485
,2018-03-07 05:35,8064.87958
,2018-03-07 05:40,1073.36739
,2018-03-07 05:45,6937.75611
,2018-03-07 05:50,4967.98688
,2018-03-07 05:55,8544.94912
,2018-03-07 06:00,335.32202
,2018-03-07 06:05,9163.61663
,2018-03-07 06:10,7408.92152
,2018-03-07 06:15,3629.59057
,2018-03-07 06:20,8816.78526
,2018-03-07 06:25,8307.01869
,2018-03-07 06:30,5002.65943
,2018-03-07 06:35,4534.70991
,2018-03-07 06:40,9383.90901
,2018-03-07 06:45,9248.45
,2018-03-07 06:50,781.93044
,2018-03-07 06:55,9464.44275
,2018-03-07 07:00,8354.00248
,2018-03-07 07:05,8159.95176
,2018-03-07 07:10,9551.8921
,2018-03-07 07:15,5956.42094
,2018-03-07 07:20,6096.04237
,2018-03-07 07:25,6271.3804
,2018-03-07 07:30,1547.95319
,2018-03-07 07:35,2783.70871
,2018-03-07 07:40,8151.5048
,2018-03-07 07:45,2727.21895
,2018-03-07 07:50,7050.08201
,2018-03-07 07:55,5016.3571
,2018-03-07 08:00,2730.47554
,2018-03-07 08:05,2346.3526
,2018-03-07 08:10,5595.58009
,2018-03-07 08:15,562.84467
,2018-03-07 08:20,8515.54632
,2018-03-07 08:25,7112.44822
,2018-03-07 08:30,2290.65524
,2018-03-07 08:35,1673.91288
,2018-03-07 08:40,2202.06751
,2018-03-07 08:45,4965.90658
,2018-03-07 08:50,1567.13037
,2018-03-07 08:55,4351.49544
,2018-03-07 09:00,8412.33072
,2018-03-07 09:05,2536.53666
,2018-03-07 09:10,8797.12912
,2018-03-07 09:15,5272.81689
,2018-03-07 09:20,553.08879
,2018-03-07 09:25,4531.68604
,2018-03-07 09:30,7859.91892
,2018-03-07 09:35,5201.6969
,2018-03-07 09:40,2787.88073
,2018-03-07 09:45,3240.07408
,2018-03-07 09:50,3653.58173
,2018-03-07 09:55,6856.32808
,2018-03-07 10:00,7559.28329
,2018-03-07 10:05,9387.1111
,2018-03-07 10:10,9983.58099
,2018-03-07 10:15,6627.24721
,2018-03-07 10:20,4008.09059
,2018-03-07 10:25,7383.00324
,2018-03-07 10:30,7358.93532
,2018-03-07 10:35,1776.34075
,2018-03-07 10:40,3179.24366
,2018-03-07 10:45,2423.88327
,2018-03-07 10:50,477.01949
,2018-03-07 10:55,7154.2054
,2018-03-07 11:00,1651.92156
,2018-03-07 11:05,2285.20062
,2018-03-07 11:10,544.21035
,2018-03-07 11:15,2230.77944
,2018-03-07 11:20,1864.63444
,2018-03-07 11:25,9683.52521
,2018-03-07 11:30,8236.54112
,2018-03-07 11:35,3151.24492
,2018-03-07 11:40,3336.03315
,2018-03-07 11:45,8519.29123
,2018-03-07 11:50,5555.31063
,2018-03-07 11:55,3225.65273
,2018-03-07 12:00,2893.99662
,2018-03-07 12:05,7389.34792
,2018-03-07 12:10,6446.99349
,2018-03-07 12:15,5732.36514
,2018-03-07 12:20,5063.53558
,2018-03-07 12:25,2583.68919
,2018-03-07 12:30,7386.91312
,2018-03-07 12:35,4400.91452
,2018-03-07 12:40,2726.63997
,2018-03-07 12:45,2977.38003
,2018-03-07 12:50,3794.04632
,2018-03-07 12:55,6240.77632
,2018-03-07 13:00,3265.96191
,2018-03-07 13:05,7164.58942
,2018-03-07 13:10,9772.74325
,2018-03-07 13:15,3280.91834
,2018-03-07 13:20,3166.64547
,2018-03-07 13:25,9361.91586
,2018-03-07 13:30,1618.14008
,2018-03-07 13:35,5294.99256
,2018-03-07 13:40,5081.46932
,2018-03-07 13:45,2772.93669
,2018-03-07 13:50,5748.3996
,2018-03-07 13:55,2270.43551
,2018-03-07 14:00,3548.13388
,2018-03-07 14:05,5437.91043
,2018-03-07 14:10,8355.22577
,2018-03-07 14:15,8873.43137
,2018-03-07 14:20,2745.41061
,2018-03-07 14:25,6315.2222
,2018-03-07 14:30,6124.1485
,2018-03-07 14:35,7899.77828
,2018-03-07 14:40,537.64027
,2018-03-07 14:45,2336.97644
,2018-03-07 14:50,1576.01801
,2018-03-07 14:55,1078.23566
,2018-03-07 15:00,1176.55676
,2018-03-07 15:05,4197.63088
,2018-03-07 15:10,4996.9895
,2018-03-07 15:15,5381.64164
,2018-03-07 15:20,682.70207
,2018-03-07 15:25,2314.59201
,2018-03-07 15:30,7034.75884
,2018-03-07 15:35,2806.20386
,2018-03-07 15:40,1736.25348
,2018-03-07 15:45,4014.85002
,2018-03-07 15:50,1548.60978
,2018-03-07 15:55,5931.8657
,2018-03-07 16:00,6416.0854
,2018-03-07 16:05,732.95132
,2018-03-07 16:10,5736.71784
,2018-03-07 16:15,4212.85978
,2018-03-07 16:20,3187.93052
,2018-03-07 16:25,2066.11524
,2018-03-07 16:30,4860.73722
,2018-03-07 16:35,688.75395
,2018-03-07 16:40,4050.09521
,2018-03-07 16:45,7572.31219
,2018-03-07 16:50,1071.0296
,2018-03-07 16:55,5827.90597
,2018-03-07 17:00,5552.13767
,2018-03-07 17:05,4521.77217
,2018-03-07 17:10,3895.39831
,2018-03-07 17:15,8365.64875
,2018-03-07 17:20,544.5292
,2018-03-07 17:25,3654.95351
,2018-03-07 17:30,8819.05737
,2018-03-07 17:35,1788.12707
,2018-03-07 17:40,6072.72014
,2018-03-07 17:45,4000.66969
,2018-03-07 17:50,2885.60724
,2018-03-07 17:55,4639.70726
,2018-03-07 18:00,1848.37499
,2018-03-07 18:05,9686.00879
,2018-03-07 18:10,3854.55083
,2018-03-07 18:15,3784.88121
,2018-03-07 18:20,1482.05233
,2018-03-07 18:25,4280.28734
,2018-03-07 18:30,4991.66138
,2018-03-07 18:35,1497.00006
,2018-03-07 18:40,2266.27858
,2018-03-07 18:45,8269.44332
,2018-03-07 18:50,4724.14221
,2018-03-07 18:55,8506.75429
,2018-03-07 19:00,8220.76924
,2018-03-07 19:05,3395.1507
,2018-03-07 19:10,1496.38562
,2018-03-07 19:15,6087.1838
,2018-03-07 19:20,868.12976
,2018-03-07 19:25,599.82579
,2018-03-07 19:30,4753.00914
,2018-03-07 19:35,9629.20604
,2018-03-07 19:40,1934.55591
,2018-03-07 19:45,7958.15044
,2018-03-07 19:50,1422.77818
,2018-03-07 19:55,8778.09411
,2018-03-07 20:00,5643.83384
,2018-03-07 20:05,7396.40892
,2018-03-07 20:10,5690.23277
,2018-03-07 20:15,4495.65734
,2018-03-07 20:20,387.77913
,2018-03-07 20:25,9419.87519
,2018-03-07 20:30,8270.96497
,2018-03-07 20:35,3595.82723
,2018-03-07 20:40,1613.48279
,2018-03-07 20:45,9442.55087
,2018-03-07 20:50,4031.22962
,2018-03-07 20:55,254.32681
,2018-03-07 21:00,1065.26131
,2018-03-07 21:05,4923.98651
,2018-03-07 21:10,3053.62186
,2018-03-07 21:15,2420.74088
,2018-03-07 21:20,5988.16925
,2018-03-07 21:25,4502.40468
,2018-03-07 21:30,9249.34743
,2018-03-07 21:35,676.68459
,2018-03-07 21:40,5560.37647
,2018-03-07 21:45,2971.93012
,2018-03-07 21:50,4557.01264
,2018-03-07 21:55,811.318
,2018-03-07 22:00,6017.19394
,2018-03-07 22:05,7330.38806
,2018-03-07 22:10,7811.39341
,2018-03-07 22:15,6172.17084
,2018-03-07 22:20,805.64685
,2018-03-07 22:25,7800.49227
,2018-03-07 22:30,2616.09806
,2018-03-07 22:35,6638.09095
,2018-03-07 22:40,4268.71658
,2018-03-07 22:45,3357.2506
,2018-03-07 22:50,6265.91323
,2018-03-07 22:55,6800.90774
,2018-03-07 23:00,4000.07979
,2018-03-07 23:05,8394.73999
,2018-03-07 23:10,3026.12116
,2018-03-07 23:15,6952.42506
,2018-03-07 23:20,1448.5287
,2018-03-07 23:25,5119.70265
,2018-03-07 23:30,7598.12415
,2018-03-07 23:35,1521.45632
,2018-03-07 23:40,6214.89547
,2018-03-07 23:45,4293.61421
,2018-03-07 23:50,6394.83085
,2018-03-07 23:55,4501.97124
,2018-03-08 00:00,252.83637
,2018-03-08 00:05,7832.84427
,2018-03-08 00:10,4286.56872
,2018-03-08 00:15,1329.67749
,2018-03-08 00:20,7064.11791
,2018-03-08 00:25,4209.87809
,2018-03-08 00:30,380.21005
,2018-03-08 00:35,9732.92913
,2018-03-08 00:40,7658.88959
,2018-03-08 00:45,8646.94172
,2018-03-08 00:50,6868.11339
,2018-03-08 00:55,4544.84485
,2018-03-08 01:00,8317.7772
,2018-03-08 01:05,429.98041
,2018-03-08 01:10,5562.39428
,2018-03-08 01:15,8019.09675
,2018-03-08 01:20,6781.38433
,2018-03-08 01:25,1945.97855
,2018-03-08 01:30,8560.70406
,2018-03-08 01:35,1942.8882
,2018-03-08 01:40,6126.62491
,2018-03-08 01:45,6874.12085
,2018-03-08 01:50,5075.05586
,2018-03-08 01:55,5730.81865
,2018-03-08 02:00,3254.85478
,2018-03-08 02:05,1399.76974
,2018-03-08 02:10,1441.97926
,2018-03-08 02:15,5814.82045
,2018-03-08 02:20,4410.14858
,2018-03-08 02:25,9174.57583
,2018-03-08 02:30,4665.10728
,2018-03-08 02:35,6758.03099
,2018-03-08 02:40,6897.63538
,2018-03-08 02:45,8932.25183
,2018-03-08 02:50,5076.00965
,2018-03-08 02:55,9422.06993
,2018-03-08 03:00,8441.106
,2018-03-08 03:05,3528.07881
,2018-03-08 03:10,984.17219
,2018-03-08 03:15,965.784
,2018-03-08 03:20,8477.39462
,2018-03-08 03:25,2001.66845
,2018-03-08 03:30,3169.95292
,2018-03-08 03:35,402.88306
,2018-03-08 03:40,1600.60081
,2018-03-08 03:45,6907.52462
,2018-03-08 03:50,1759.52675
,2018-03-08 03:55,1296.44213
,2018-03-08 04:00,4254.64029
,2018-03-08 04:05,8302.54787
,2018-03-08 04:10,3787.9094
,2018-03-08 04:15,3959.45209
,2018-03-08 04:20,817.5351
,2018-03-08 04:25,5172.0313
,2018-03-08 04:30,6882.86284
,2018-03-08 04:35,25.59581
,2018-03-08 04:40,205.86834
,2018-03-08 04:45,1876.66936
,2018-03-08 04:50,398.36464
,2018-03-08 04:55,3722.39872
,2018-03-08 05:00,3011.75298
,2018-03-08 05:05,1048.09441
,2018-03-08 05:10,8055.61748
,2018-03-08 05:15,1401.29814
,2018-03-08 05:20,4776.73796
,2018-03-08 05:25,8624.87197
,2018-03-08 05:30,9915.24409
,2018-03-08 05:35,9849.31832
,2018-03-08 05:40,4042.18407
,2018-03-08 05:45,7259.32667
,2018-03-08 05:50,479.63641
,2018-03-08 05:55,6267.5967
,2018-03-08 06:00,2684.64204
,2018-03-08 06:05,8119.98918
,2018-03-08 06:10,8194.66467
,2018-03-08 06:15,9472.31688
,2018-03-08 06:20,7990.2719
,2018-03-08 06:25,1290.61143
,2018-03-08 06:30,2762.32667
,2018-03-08 06:35,3934.09234
,2018-03-08 06:40,6271.21906
,2018-03-08 06:45,6750.86365
,2018-03-08 06:50,7279.68973
,2018-03-08 06:55,2173.12714
,2018-03-08 07:00,8327.97528
,2018-03-08 07:05,9637.76555
,2018-03-08 07:10,9138.95415
,2018-03-08 07:15,5139.79455
,2018-03-08 07:20,6347.81416
,2018-03-08 07:25,2138.32585
,2018-03-08 07:30,3732.26301
,2018-03-08 07:35,2373.1669
,2018-03-08 07:40,6709.77392
,2018-03-08 07:45,6257.99572
,2018-03-08 07:50,9409.91154
,2018-03-08 07:55,9049.46052
,2018-03-08 08:00,4597.67183
,2018-03-08 08:05,8130.47384
,2018-03-08 08:10,9110.0508
,2018-03-08 08:15,1272.57529
,2018-03-08 08:20,5982.15383
,2018-03-08 08:25,7941.29975
,2018-03-08 08:30,123.05639
,2018-03-08 08:35,1627.36239
,2018-03-08 08:40,2721.9711
,2018-03-08 08:45,2839.92791
,2018-03-08 08:50,2350.9211
,2018-03-08 08:55,5144.22171
,2018-03-08 09:00,6721.16332
,2018-03-08 09:05,9767.85396
,2018-03-08 09:10,579.16117
,2018-03-08 09:15,363.13678
,2018-03-08 09:20,9359.81119
,2018-03-08 09:25,2514.3344
,2018-03-08 09:30,3479.51083
,2018-03-08 09:35,1044.39131
,2018-03-08 09:40,8452.41896
,2018-03-08 09:45,2565.80577
,2018-03-08 09:50,7767.4021
,2018-03-08 09:55,1054.76205
,2018-03-08 10:00,8999.09871
,2018-03-08 10:05,3369.51646
,2018-03-08 10:10,4170.60273
,2018-03-08 10:15,4556.24171
,2018-03-08 10:20,2847.01278
,2018-03-08 10:25,3577.75612
,2018-03-08 10:30,9979.41393
,2018-03-08 10:35,1755.80436
,2018-03-08 10:40,7565.23028
,2018-03-08 10:45,3779.50086
,2018-03-08 10:50,5344.16602
,2018-03-08 10:55,8062.60858
,2018-03-08 11:00,3484.27024
,2018-03-08 11:05,7872.05108
,2018-03-08 11:10,879.4555
,2018-03-08 11:15,8040.4585
,2018-03-08 11:20,9849.30151
,2018-03-08 11:25,6934.0992
,2018-03-08 11:30,7697.59819
,2018-03-08 11:35,9220.06709
,2018-03-08 11:40,8285.76147
,2018-03-08 11:45,757.32852
,2018-03-08 11:50,8764.93965
,2018-03-08 11:55,1497.47524
,2018-03-08 12:00,1314.83762
,2018-03-08 12:05,3882.59639
,2018-03-08 12:10,9992.07906
,2018-03-08 12:15,7033.42034
,2018-03-08 12:20,2724.7511
,2018-03-08 12:25,1382.70895
,2018-03-08 12:30,3444.12491
,2018-03-08 12:35,9011.89796
,2018-03-08 12:40,2008.78465
,2018-03-08 12:45,9702.40382
,2018-03-08 12:50,3440.33269
,2018-03-08 12:55,1537.06951
,2018-03-08 13:00,6365.1489
,2018-03-08 13:05,340.50931
,2018-03-08 13:10,7912.71444
,2018-03-08 13:15,1043.16707
,2018-03-08 13:20,6788.27895
,2018-03-08 13:25,5599.16398
,2018-03-08 13:30,9134.7842
,2018-03-08 13:35,8391.36038
,2018-03-08 13:40,7389.41889
,2018-03-08 13:45,8105.18724
,2018-03-08 13:50,4752.89579
,2018-03-08 13:55,2498.73362
,2018-03-08 14:00,7061.71643
,2018-03-08 14:05,4114.23095
,2018-03-08 14:10,4584.09957
,2018-03-08 14:15,8950.81159
,2018-03-08 14:20,9530.05935
,2018-03-08 14:25,1190.05317
,2018-03-08 14:30,1275.13399
,2018-03-08 14:35,1131.20212
,2018-03-08 14:40,3492.99311
,2018-03-08 14:45,5751.96578
,2018-03-08 14:50,3059.25067
,2018-03-08 14:55,756.6525
,2018-03-08 15:00,796.39601
,2018-03-08 15:05,4097.0971
,2018-03-08 15:10,7057.87331
,2018-03-08 15:15,1321.29851
,2018-03-08 15:20,8941.47242
,2018-03-08 15:25,2039.67437
,2018-03-08 15:30,5079.94697
,2018-03-08 15:35,897.67872
,2018-03-08 15:40,7670.6364
,2018-03-08 15:45,4261.88131
,2018-03-08 15:50,5685.57171
,2018-03-08 15:55,8597.46345
,2018-03-08 16:00,3678.61859
,2018-03-08 16:05,3815.67823
,2018-03-08 16:10,2013.59644
,2018-03-08 16:15,685.24519
,2018-03-08 16:20,8926.46368
,2018-03-08 16:25,3474.15556
,2018-03-08 16:30,2044.84939
,2018-03-08 16:35,8140.83334
,2018-03-08 16:40,3114.24365
,2018-03-08 16:45,8843.21381
,2018-03-08 16:50,4981.51704
,2018-03-08 16:55,5097.8784
,2018-03-08 17:00,1201.76255
,2018-03-08 17:05,9438.29475
,2018-03-08 17:10,1399.3825
,2018-03-08 17:15,6557.28034
,2018-03-08 17:20,401.58473
,2018-03-08 17:25,2355.90442
,2018-03-08 17:30,7962.36427
,2018-03-08 17:35,9395.20101
,2018-03-08 17:40,7169.95885
,2018-03-08 17:45,287.47867
,2018-03-08 17:50,7841.53801
,2018-03-08 17:55,3303.40357
,2018-03-08 18:00,8807.93735
,2018-03-08 18:05,4063.38094
,2018-03-08 18:10,2383.44752
,2018-03-08 18:15,7463.65719
,2018-03-08 18:20,8939.10417
,2018-03-08 18:25,9849.18725
,2018-03-08 18:30,571.43453
,2018-03-08 18:35,408.6828
,2018-03-08 18:40,8490.81097
,2018-03-08 18:45,1212.09709
,2018-03-08 18:50,7401.52028
,2018-03-08 18:55,239.02741
,2018-03-08 19:00,5769.70948
,2018-03-08 19:05,8846.27852
,2018-03-08 19:10,3251.10408
,2018-03-08 19:15,2623.72663
,2018-03-08 19:20,7381.18359
,2018-03-08 19:25,4380.91394
,2018-03-08 19:30,6505.51821
,2018-03-08 19:35,525.20168
,2018-03-08 19:40,4322.37133
,2018-03-08 19:45,1544.445
,2018-03-08 19:50,7882.40923
,2018-03-08 19:55,7363.86221
,2018-03-08 20:00,2254.77629
,2018-03-08 20:05,7313.6292
,2018-03-08 20:10,4391.65651
,2018-03-08 20:15,9313.30061
,2018-03-08 20:20,4978.01238
,2018-03-08 20:25,2164.22975
,2018-03-08 20:30,928.8658
,2018-03-08 20:35,7593.46599
,2018-03-08 20:40,3285.27418
,2018-03-08 20:45,7101.30764
,2018-03-08 20:50,2551.72386
,2018-03-08 20:55,7240.04128
,2018-03-08 21:00,9085.54458
,2018-03-08 21:05,4365.29667
,2018-03-08 21:10,6161.80521
,2018-03-08 21:15,5271.8055
,2018-03-08 21:20,9223.00751
,2018-03-08 21:25,794.19747
,2018-03-08 21:30,5263.66138
,2018-03-08 21:35,6544.77827
,2018-03-08 21:40,4680.94266
,2018-03-08 21:45,4539.46923
,2018-03-08 21:50,344.44931
,2018-03-08 21:55,2052.65469
,2018-03-08 22:00,1642.47441
,2018-03-08 22:05,6150.24622
,2018-03-08 22:10,206.47926
,2018-03-08 22:15,261.86627
,2018-03-08 22:20,3811.4559
,2018-03-08 22:25,1476.30359
,2018-03-08 22:30,5239.93802
,2018-03-08 22:35,5419.69094
,2018-03-08 22:40,5149.74971
,2018-03-08 22:45,3527.14372
,2018-03-08 22:50,3946.42325
,2018-03-08 22:55,8252.93114
,2018-03-08 23:00,2432.42182
,2018-03-08 23:05,9710.7458
,2018-03-08 23:10,8964.0983
,2018-03-08 23:15,8891.87565
,2018-03-08 23:20,4235.28856
,2018-03-08 23:25,7084.66764
,2018-03-08 23:30,8958.40118
,2018-03-08 23:35,829.68001
,2018-03-08 23:40,1480.2473
,2018-03-08 23:45,6719.72378
,2018-03-08 23:50,8994.52874
,2018-03-08 23:55,4693.7597
,2018-03-09 00:00,2304.24919
,2018-03-09 00:05,258.95499
,2018-03-09 00:10,549.41625
,2018-03-09 00:15,3414.9109
,2018-03-09 00:20,4508.73353
,2018-03-09 00:25,7441.8427
,2018-03-09 00:30,3031.85404
,2018-03-09 00:35,9933.28875
,2018-03-09 00:40,6967.11158
,2018-03-09 00:45,1826.21742
,2018-03-09 00:50,3735.84835
,2018-03-09 00:55,9788.09233
,2018-03-09 01:00,3736.42943
,2018-03-09 01:05,3473.02689
,2018-03-09 01:10,5321.73586
,2018-03-09 01:15,6458.24374
,2018-03-09 01:20,9458.88746
,2018-03-09 01:25,8489.46401
,2018-03-09 01:30,4386.54145
,2018-03-09 01:35,6838.43555
,2018-03-09 01:40,9935.37049
,2018-03-09 01:45,8490.22894
,2018-03-09 01:50,8954.80068
,2018-03-09 01:55,7248.95044
,2018-03-09 02:00,5454.05527
,2018-03-09 02:05,8350.14863
,2018-03-09 02:10,131.04021
,2018-03-09 02:15,8607.03999
,2018-03-09 02:20,1772.66686
,2018-03-09 02:25,51.15846
,2018-03-09 02:30,407.85642
,2018-03-09 02:35,9488.35235
,2018-03-09 02:40,950.41017
,2018-03-09 02:45,8857.25966
,2018-03-09 02:50,6941.93627
,2018-03-09 02:55,5456.33661
,2018-03-09 03:00,7570.80139
,2018-03-09 03:05,5572.32755
,2018-03-09 03:10,7224.96664
,2018-03-09 03:15,6075.45529
,2018-03-09 03:20,3000.88298
,2018-03-09 03:25,5622.35116
,2018-03-09 03:30,455.28321
,2018-03-09 03:35,394.7948
,2018-03-09 03:40,1450.36646
,2018-03-09 03:45,3379.77909
,2018-03-09 03:50,1975.71647
,2018-03-09 03:55,4119.00937
,2018-03-09 04:00,7321.09242
,2018-03-09 04:05,5891.50668
,2018-03-09 04:10,6798.66413
,2018-03-09 04:15,2686.69802
,2018-03-09 04:20,5591.57486
,2018-03-09 04:25,9479.77068
,2018-03-09 04:30,1352.23416
,2018-03-09 04:35,6480.72232
,2018-03-09 04:40,8171.72652
,2018-03-09 04:45,4454.35585
,2018-03-09 04:50,3227.64658
,2018-03-09 04:55,4512.53883
,2018-03-09 05:00,9782.83231
,2018-03-09 05:05,6721.32339
,2018-03-09 05:10,3099.75586
,2018-03-09 05:15,6715.07797
,2018-03-09 05:20,1685.34597
,2018-03-09 05:25,1683.67768
,2018-03-09 05:30,8976.1858
,2018-03-09 05:35,4393.98326
,2018-03-09 05:40,9438.60428
,2018-03-09 05:45,803.67936
,2018-03-09 05:50,5889.00868
,2018-03-09 05:55,6431.98966
,2018-03-09 06:00,5532.11445
,2018-03-09 06:05,8042.05529
,2018-03-09 06:10,873.94844
,2018-03-09 06:15,2223.91766
,2018-03-09 06:20,6707.96977
,2018-03-09 06:25,1665.61262
,2018-03-09 06:30,82.07086
,2018-03-09 06:35,5929.40957
,2018-03-09 06:40,7781.52638
,2018-03-09 06:45,9812.53217
,2018-03-09 06:50,3534.16689
,2018-03-09 06:55,6946.57055
,2018-03-09 07:00,735.05115
,2018-03-09 07:05,5877.32681
,2018-03-09 07:10,8623.37295
,2018-03-09 07:15,978.38493
,2018-03-09 07:20,129.96126
,2018-03-09 07:25,2540.73845
,2018-03-09 07:30,9372.12197
,2018-03-09 07:35,3837.97716
,2018-03-09 07:40,3462.4881
,2018-03-09 07:45,6407.82439
,2018-03-09 07:50,1007.58985
,2018-03-09 07:55,6145.12702
,2018-03-09 08:00,9938.20393
,2018-03-09 08:05,8012.28999
,2018-03-09 08:10,285.69058
,2018-03-09 08:15,7518.72757
,2018-03-09 08:20,7003.202
,2018-03-09 08:25,4240.95341
,2018-03-09 08:30,2915.74695
,2018-03-09 08:35,2812.51928
,2018-03-09 08:40,5026.75054
,2018-03-09 08:45,3728.55052
,2018-03-09 08:50,9308.02032
,2018-03-09 08:55,5799.39747
,2018-03-09 09:00,7753.69448
,2018-03-09 09:05,2799.66248
,2018-03-09 09:10,9123.26031
,2018-03-09 09:15,5253.70805
,2018-03-09 09:20,6201.23755
,2018-03-09 09:25,7969.87959
,2018-03-09 09:30,9077.80563
,2018-03-09 09:35,5853.60576
,2018-03-09 09:40,4036.43719
,2018-03-09 09:45,8114.31912
,2018-03-09 09:50,2438.17034
,2018-03-09 09:55,2862.54208
,2018-03-09 10:00,5632.19551
,2018-03-09 10:05,5233.6617
,2018-03-09 10:10,9951.80267
,2018-03-09 10:15,2630.53643
,2018-03-09 10:20,210.5561
,2018-03-09 10:25,4235.95388
,2018-03-09 10:30,1377.06655
,2018-03-09 10:35,1918.56127
,2018-03-09 10:40,3394.92595
,2018-03-09 10:45,3402.77281
,2018-03-09 10:50,1329.60877
,2018-03-09 10:55,7947.85066
,2018-03-09 11:00,7233.85811
,2018-03-09 11:05,5223.38509
,2018-03-09 11:10,157.88152
,2018-03-09 11:15,5042.42019
,2018-03-09 11:20,8156.0612
,2018-03-09 11:25,9802.30028
,2018-03-09 11:30,2261.42624
,2018-03-09 11:35,8038.75879
,2018-03-09 11:40,7818.41808
,2018-03-09 11:45,645.35718
,2018-03-09 11:50,5908.44559
,2018-03-09 11:55,5119.79741
,2018-03-09 12:00,60.32905
,2018-03-09 12:05,1448.87175
,2018-03-09 12:10,7285.63261
,2018-03-09 12:15,5151.7585
,2018-03-09 12:20,9010.01876
,2018-03-09 12:25,1350.01754
,2018-03-09 12:30,6564.08712
,2018-03-09 12:35,314.00279
,2018-03-09 12:40,2488.69504
,2018-03-09 12:45,5324.65698
,2018-03-09 12:50,4876.90166
,2018-03-09 12:55,3869.25586
,2018-03-09 13:00,4717.34012
,2018-03-09 13:05,3322.91459
,2018-03-09 13:10,4852.26187
,2018-03-09 13:15,8586.46693
,2018-03-09 13:20,9549.77733
,2018-03-09 13:25,6475.41928
,2018-03-09 13:30,1829.02508
,2018-03-09 13:35,9612.52227
,2018-03-09 13:40,6015.61939
,2018-03-09 13:45,9727.3178
,2018-03-09 13:50,2572.66687
,2018-03-09 13:55,5019.97669
,2018-03-09 14:00,9218.41937
,2018-03-09 14:05,3321.60298
,2018-03-09 14:10,5167.42163
,2018-03-09 14:15,8611.20669
,2018-03-09 14:20,2248.6622
,2018-03-09 14:25,5418.8417
,2018-03-09 14:30,1535.03721
,2018-03-09 14:35,718.34088
,2018-03-09 14:40,367.55367
,2018-03-09 14:45,647.70843
,2018-03-09 14:50,4937.34933
,2018-03-09 14:55,536.21566
,2018-03-09 15:00,4731.28413
,2018-03-09 15:05,1936.91149
,2018-03-09 15:10,6257.42843
,2018-03-09 15:15,8619.16093
,2018-03-09 15:20,3837.17888
,2018-03-09 15:25,7594.35593
,2018-03-09 15:30,8519.51306
,2018-03-09 15:35,9211.2742
,2018-03-09 15:40,7191.64985
,2018-03-09 15:45,1916.47872
,2018-03-09 15:50,7960.60752
,2018-03-09 15:55,4031.92609
,2018-03-09 16:00,5962.07577
,2018-03-09 16:05,7478.35592
,2018-03-09 16:10,3447.78535
,2018-03-09 16:15,1042.43518
,2018-03-09 16:20,1047.63129
,2018-03-09 16:25,2410.31079
,2018-03-09 16:30,2478.68937
,2018-03-09 16:35,9610.23526
,2018-03-09 16:40,9348.07172
,2018-03-09 16:45,1670.81647
,2018-03-09 16:50,4040.09825
,2018-03-09 16:55,5202.3378
,2018-03-09 17:00,4378.58303
,2018-03-09 17:05,4207.15301
,2018-03-09 17:10,6824.64912
,2018-03-09 17:15,8428.37018
,2018-03-09 17:20,1911.42629
,2018-03-09 17:25,5005.20284
,2018-03-09 17:30,7247.75916
,2018-03-09 17:35,5974.36966
,2018-03-09 17:40,987.95217
,2018-03-09 17:45,7340.95152
,2018-03-09 17:50,5707.76505
,2018-03-09 17:55,2006.65351
,2018-03-09 18:00,5917.94936
,2018-03-09 18:05,7736.00373
,2018-03-09 18:10,9014.93917
,2018-03-09 18:15,5636.16495
,2018-03-09 18:20,3673.58276
,2018-03-09 18:25,1276.96086
,2018-03-09 18:30,8034.01604
,2018-03-09 18:35,8893.05366
,2018-03-09 18:40,6949.13031
,2018-03-09 18:45,6484.88597
,2018-03-09 18:50,326.22182
,2018-03-09 18:55,498.8492
,2018-03-09 19:00,1499.41764
,2018-03-09 19:05,9662.9049
,2018-03-09 19:10,6107.54427
,2018-03-09 19:15,9743.4185
,2018-03-09 19:20,319.57934
,2018-03-09 19:25,9423.24032
,2018-03-09 19:30,4487.15101
,2018-03-09 19:35,7299.3294
,2018-03-09 19:40,4787.50794
,2018-03-09 19:45,3996.0331
,2018-03-09 19:50,6026.47577
,2018-03-09 19:55,2280.04107
,2018-03-09 20:00,6355.52986
,2018-03-09 20:05,2950.91082
,2018-03-09 20:10,4773.27527
,2018-03-09 20:15,1316.44261
,2018-03-09 20:20,5385.96618
,2018-03-09 20:25,5837.424
,2018-03-09 20:30,8091.35212
,2018-03-09 20:35,4548.26147
,2018-03-09 20:40,9108.96476
,2018-03-09 20:45,8781.95925
,2018-03-09 20:50,4508.93657
,2018-03-09 20:55,235.19513
,2018-03-09 21:00,7994.33921
,2018-03-09 21:05,8868.66949
,2018-03-09 21:10,3642.67041
,2018-03-09 21:15,6394.4231
,2018-03-09 21:20,8121.41374
,2018-03-09 21:25,2070.38828
,2018-03-09 21:30,4462.68605
,2018-03-09 21:35,7650.41665
,2018-03-09 21:40,6019.30633
,2018-03-09 21:45,8814.8784
,2018-03-09 21:50,7554.09736
,2018-03-09 21:55,4047.80664
,2018-03-09 22:00,3140.45105
,2018-03-09 22:05,4392.45753
,2018-03-09 22:10,6886.71576
,2018-03-09 22:15,4087.02435
,2018-03-09 22:20,1707.40732
,2018-03-09 22:25,1094.39452
,2018-03-09 22:30,6172.01109
,2018-03-09 22:35,9169.12661
,2018-03-09 22:40,4492.7622
,2018-03-09 22:45,3300.02662
,2018-03-09 22:50,8042.6071
,2018-03-09 22:55,2364.08393
,2018-03-09 23:00,3140.79909
,2018-03-09 23:05,8819.6373
,2018-03-09 23:10,4051.85353
,2018-03-09 23:15,9510.69275
,2018-03-09 23:20,2746.88265
,2018-03-09 23:25,8461.10223
,2018-03-09 23:30,8239.61539
,2018-03-09 23:35,5118.84241
,2018-03-09 23:40,2787.67625
,2018-03-09 23:45,3930.01723
,2018-03-09 23:50,6353.62407
,2018-03-09 23:55,8066.93545
,2018-03-10 00:00,6294.18903
,2018-03-10 00:05,4896.06078
,2018-03-10 00:10,2282.21335
,2018-03-10 00:15,8087.70559
,2018-03-10 00:20,5929.63307
,2018-03-10 00:25,9790.85866
,2018-03-10 00:30,2717.056
,2018-03-10 00:35,7092.6252
,2018-03-10 00:40,1127.00872
,2018-03-10 00:45,8137.48615
,2018-03-10 00:50,8139.8242
,2018-03-10 00:55,3346.39517
,2018-03-10 01:00,4862.73531
,2018-03-10 01:05,2036.00945
,2018-03-10 01:10,1367.58573
,2018-03-10 01:15,7514.8424
,2018-03-10 01:20,4664.9129
,2018-03-10 01:25,4990.36969
,2018-03-10 01:30,9049.87931
,2018-03-10 01:35,5918.74598
,2018-03-10 01:40,3688.56448
,2018-03-10 01:45,818.10836
,2018-03-10 01:50,8378.53816
,2018-03-10 01:55,7334.221
,2018-03-10 02:00,4928.85827
,2018-03-10 02:05,8668.18292
,2018-03-10 02:10,9059.45164
,2018-03-10 02:15,9623.05485
,2018-03-10 02:20,6704.10278
,2018-03-10 02:25,2082.40129
,2018-03-10 02:30,8973.69393
,2018-03-10 02:35,6656.80253
,2018-03-10 02:40,148.41466
,2018-03-10 02:45,7269.98079
,2018-03-10 02:50,6649.44479
,2018-03-10 02:55,5626.33047
,2018-03-10 03:00,5290.43656
,2018-03-10 03:05,9332.30376
,2018-03-10 03:10,6472.63535
,2018-03-10 03:15,8764.16942
,2018-03-10 03:20,4163.14259
,2018-03-10 03:25,8506.34322
,2018-03-10 03:30,6337.82938
,2018-03-10 03:35,9464.33697
,2018-03-10 03:40,6120.67402
,2018-03-10 03:45,5704.54141
,2018-03-10 03:50,115.56102
,2018-03-10 03:55,1516.01819
,2018-03-10 04:00,548.16242
,2018-03-10 04:05,4051.19078
,2018-03-10 04:10,1485.33183
,2018-03-10 04:15,1906.63517
,2018-03-10 04:20,8903.63724
,2018-03-10 04:25,5081.51255
,2018-03-10 04:30,305.4327
,2018-03-10 04:35,4255.96082
,2018-03-10 04:40,1706.28679
,2018-03-10 04:45,4526.61977
,2018-03-10 04:50,3648.33222
,2018-03-10 04:55,2943.07657
,2018-03-10 05:00,4812.15198
,2018-03-10 05:05,636.44836
,2018-03-10 05:10,9780.02028
,2018-03-10 05:15,6656.83081
,2018-03-10 05:20,9510.06496
,2018-03-10 05:25,4039.03232
,2018-03-10 05:30,1511.85362
,2018-03-10 05:35,8127.81282
,2018-03-10 05:40,5070.59474
,2018-03-10 05:45,4947.38686
,2018-03-10 05:50,5551.7618
,2018-03-10 05:55,7907.37454
,2018-03-10 06:00,6904.57268
,2018-03-10 06:05,7928.89572
,2018-03-10 06:10,6674.77471
,2018-03-10 06:15,7101.33769
,2018-03-10 06:20,3456.42919
,2018-03-10 06:25,9750.28884
,2018-03-10 06:30,5380.28257
,2018-03-10 06:35,2320.11165
,2018-03-10 06:40,4364.43341
,2018-03-10 06:45,6149.68664
,2018-03-10 06:50,3151.18399
,2018-03-10 06:55,5045.907
,2018-03-10 07:00,1229.39945
,2018-03-10 07:05,54.87452
,2018-03-10 07:10,3930.12733
,2018-03-10 07:15,5861.21158
,2018-03-10 07:20,2033.22138
,2018-03-10 07:25,7676.56518
,2018-03-10 07:30,9900.04904
,2018-03-10 07:35,9819.53881
,2018-03-10 07:40,3292.23829
,2018-03-10 07:45,2388.30456
,2018-03-10 07:50,5038.48916
,2018-03-10 07:55,9149.28916
,2018-03-10 08:00,8468.73716
,2018-03-10 08:05,4933.24165
,2018-03-10 08:10,7994.00707
,2018-03-10 08:15,9077.07287
,2018-03-10 08:20,7889.27718
,2018-03-10 08:25,3493.83072
,2018-03-10 08:30,5264.00492
,2018-03-10 08:35,1637.26682
,2018-03-10 08:40,5167.35989
,2018-03-10 08:45,2623.56775
,2018-03-10 08:50,4844.06561
,2018-03-10 08:55,6293.56242
,2018-03-10 09:00,406.78448
,2018-03-10 09:05,3885.63059
,2018-03-10 09:10,8658.80672
,2018-03-10 09:15,3984.5839
,2018-03-10 09:20,8754.60227
,2018-03-10 09:25,532.10425
,2018-03-10 09:30,8815.55569
,2018-03-10 09:35,6599.6886
,2018-03-10 09:40,1906.43883
,2018-03-10 09:45,1515.47401
,2018-03-10 09:50,9639.42348
,2018-03-10 09:55,7725.56047
,2018-03-10 10:00,4057.8314
,2018-03-10 10:05,5259.97733
,2018-03-10 10:10,9192.86207
,2018-03-10 10:15,6243.64232
,2018-03-10 10:20,7271.47886
,2018-03-10 10:25,4162.03153
,2018-03-10 10:30,4012.50171
,2018-03-10 10:35,9771.31609
,2018-03-10 10:40,1119.94396
,2018-03-10 10:45,9719.48619
,2018-03-10 10:50,8847.30635
,2018-03-10 10:55,4028.11318
,2018-03-10 11:00,1040.22771
,2018-03-10 11:05,9808.51608
,2018-03-10 11:10,4179.44007
,2018-03-10 11:15,1765.50821
,2018-03-10 11:20,4551.46048
,2018-03-10 11:25,4291.38092
,2018-03-10 11:30,5683.08028
,2018-03-10 11:35,7678.58184
,2018-03-10 11:40,367.31392
,2018-03-10 11:45,4577.74782
,2018-03-10 11:50,6365.30921
,2018-03-10 11:55,8757.06624
,2018-03-10 12:00,7949.50598
,2018-03-10 12:05,6095.26021
,2018-03-10 12:10,8051.66002
,2018-03-10 12:15,1831.60213
,2018-03-10 12:20,1724.01315
,2018-03-10 12:25,3831.92297
,2018-03-10 12:30,5776.21433
,2018-03-10 12:35,9664.11942
,2018-03-10 12:40,4799.62354
,2018-03-10 12:45,4248.58056
,2018-03-10 12:50,5212.57319
,2018-03-10 12:55,8418.92116
,2018-03-10 13:00,4173.46674
,2018-03-10 13:05,7371.91972
,2018-03-10 13:10,2402.84549
,2018-03-10 13:15,4713.84971
,2018-03-10 13:20,657.65038
,2018-03-10 13:25,3608.63088
,2018-03-10 13:30,3820.51797
,2018-03-10 13:35,4470.33007
,2018-03-10 13:40,9022.82173
,2018-03-10 13:45,8065.94353
,2018-03-10 13:50,9426.20802
,2018-03-10 13:55,2672.05448
,2018-03-10 14:00,5517.35513
,2018-03-10 14:05,7514.38503
,2018-03-10 14:10,5985.2968
,2018-03-10 14:15,6272.72212
,2018-03-10 14:20,2628.02931
,2018-03-10 14:25,7801.09048
,2018-03-10 14:30,9354.40418
,2018-03-10 14:35,507.05589
,2018-03-10 14:40,6400.0599
,2018-03-10 14:45,7966.53543
,2018-03-10 14:50,898.61427
,2018-03-10 14:55,4371.25631
,2018-03-10 15:00,1276.59432
,2018-03-10 15:05,5639.88251
,2018-03-10 15:10,5762.67802
,2018-03-10 15:15,1633.32559
,2018-03-10 15:20,2655.90753
,2018-03-10 15:25,6290.20802
,2018-03-10 15:30,2534.47355
,2018-03-10 15:35,8924.4483
,2018-03-10 15:40,8219.01545
,2018-03-10 15:45,3487.1203
,2018-03-10 15:50,1503.03508
,2018-03-10 15:55,324.95057
,2018-03-10 16:00,1883.40003
,2018-03-10 16:05,1509.76449
,2018-03-10 16:10,6873.58232
,2018-03-10 16:15,5929.76905
,2018-03-10 16:20,5176.56693
,2018-03-10 16:25,2565.74895
,2018-03-10 16:30,277.85384
,2018-03-10 16:35,7792.60755
,2018-03-10 16:40,6527.97831
,2018-03-10 16:45,2543.70557
,2018-03-10 16:50,392.24934
,2018-03-10 16:55,7686.52296
,2018-03-10 17:00,7704.02584
,2018-03-10 17:05,1177.9747
,2018-03-10 17:10,6599.26652
,2018-03-10 17:15,8673.36844
,2018-03-10 17:20,4796.11549
,2018-03-10 17:25,4493.71679
,2018-03-10 17:30,1680.68221
,2018-03-10 17:35,4888.40987
,2018-03-10 17:40,9880.73848
,2018-03-10 17:45,1918.38049
,2018-03-10 17:50,1153.36024
,2018-03-10 17:55,2342.75565
,2018-03-10 18:00,6496.5572
,2018-03-10 18:05,9306.00972
,2018-03-10 18:10,147.71676
,2018-03-10 18:15,9397.42626
,2018-03-10 18:20,1712.01094
,2018-03-10 18:25,419.48728
,2018-03-10 18:30,9883.32917
,2018-03-10 18:35,8620.19567
,2018-03-10 18:40,9117.30505
,2018-03-10 18:45,3118.87796
,2018-03-10 18:50,8451.54353
,2018-03-10 18:55,1297.15899
,2018-03-10 19:00,9993.4646
,2018-03-10 19:05,7665.16991
,2018-03-10 19:10,6652.97159
,2018-03-10 19:15,4088.44287
,2018-03-10 19:20,4683.23831
,2018-03-10 19:25,7770.75197
,2018-03-10 19:30,2327.10835
,2018-03-10 19:35,611.59329
,2018-03-10 19:40,7211.67476
,2018-03-10 19:45,4539.21481
,2018-03-10 19:50,6160.59704
,2018-03-10 19:55,953.5936
,2018-03-10 20:00,1633.05247
,2018-03-10 20:05,9223.82025
,2018-03-10 20:10,2775.34544
,2018-03-10 20:15,1589.62093
,2018-03-10 20:20,1536.10441
,2018-03-10 20:25,1410.53147
,2018-03-10 20:30,7984.34393
,2018-03-10 20:35,4061.81368
,2018-03-10 20:40,2452.20651
,2018-03-10 20:45,599.05699
,2018-03-10 20:50,6770.57672
,2018-03-10 20:55,6388.4696
,2018-03-10 21:00,1700.70031
,2018-03-10 21:05,3072.422
,2018-03-10 21:10,9682.35786
,2018-03-10 21:15,5435.74588
,2018-03-10 21:20,1296.11844
,2018-03-10 21:25,1920.25296
,2018-03-10 21:30,3676.63727
,2018-03-10 21:35,7713.28412
,2018-03-10 21:40,436.62801
,2018-03-10 21:45,8513.61487
,2018-03-10 21:50,925.11988
,2018-03-10 21:55,5658.08234
,2018-03-10 22:00,6113.33193
,2018-03-10 22:05,6809.74933
,2018-03-10 22:10,6897.30531
,2018-03-10 22:15,6537.37675
,2018-03-10 22:20,1152.07205
,2018-03-10 22:25,8595.85492
,2018-03-10 22:30,9381.0868
,2018-03-10 22:35,9199.38719
,2018-03-10 22:40,5494.03276
,2018-03-10 22:45,4046.53383
,2018-03-10 22:50,1902.98261
,2018-03-10 22:55,6614.94114
,2018-03-10 23:00,2463.84925
,2018-03-10 23:05,4100.20645
,2018-03-10 23:10,4864.5969
,2018-03-10 23:15,5049.53332
,2018-03-10 23:20,9503.9836
,2018-03-10 23:25,2909.99624
,2018-03-10 23:30,5448.59567
,2018-03-10 23:35,8109.83268
,2018-03-10 23:40,5377.44483
,2018-03-10 23:45,7559.6768
,2018-03-10 23:50,6295.03738
,2018-03-10 23:55,66.99978
,2018-03-11 00:00,3905.88668
,2018-03-11 00:05,2605.69182
,2018-03-11 00:10,1427.34272
,2018-03-11 00:15,8596.41785
,2018-03-11 00:20,2265.1375
,2018-03-11 00:25,9580.36622
,2018-03-11 00:30,2579.27353
,2018-03-11 00:35,7425.00664
,2018-03-11 00:40,8450.5574
,2018-03-11 00:45,7984.59456
,2018-03-11 00:50,7235.85625
,2018-03-11 00:55,1502.22598
,2018-03-11 01:00,4123.43525
,2018-03-11 01:05,1471.10861
,2018-03-11 01:10,4990.51415
,2018-03-11 01:15,5259.1556
,2018-03-11 01:20,6069.3877
,2018-03-11 01:25,6049.12921
,2018-03-11 01:30,9735.50103
,2018-03-11 01:35,8222.18631
,2018-03-11 01:40,1864.77198
,2018-03-11 01:45,7276.46218
,2018-03-11 01:50,9932.5737
,2018-03-11 01:55,1227.47385
,2018-03-11 02:00,4687.7889
,2018-03-11 02:05,7353.9703
,2018-03-11 02:10,4982.18778
,2018-03-11 02:15,2362.11943
,2018-03-11 02:20,4550.28654
,2018-03-11 02:25,1510.52028
,2018-03-11 02:30,1342.86938
,2018-03-11 02:35,3791.60759
,2018-03-11 02:40,2183.816
,2018-03-11 02:45,5288.17796
,2018-03-11 02:50,1909.60938
,2018-03-11 02:55,2179.85769
,2018-03-11 03:00,236.61466
,2018-03-11 03:05,1168.50878
,2018-03-11 03:10,8181.50101
,2018-03-11 03:15,2625.56566
,2018-03-11 03:20,1869.54149
,2018-03-11 03:25,4502.04866
,2018-03-11 03:30,5983.02707
,2018-03-11 03:35,2074.64625
,2018-03-11 03:40,4433.72432
,2018-03-11 03:45,5970.19953
,2018-03-11 03:50,8521.20422
,2018-03-11 03:55,5434.63856
,2018-03-11 04:00,6357.47188
,2018-03-11 04:05,867.58617
,2018-03-11 04:10,4447.26303
,2018-03-11 04:15,3434.50632
,2018-03-11 04:20,7093.47045
,2018-03-11 04:25,8326.15695
,2018-03-11 04:30,7104.63684
,2018-03-11 04:35,8549.62914
,2018-03-11 04:40,8835.23581
,2018-03-11 04:45,8017.05453
,2018-03-11 04:50,6618.79359
,2018-03-11 04:55,7314.18314
,2018-03-11 05:00,1665.5557
,2018-03-11 05:05,176.59367
,2018-03-11 05:10,5534.37478
,2018-03-11 05:15,9026.95424
,2018-03-11 05:20,9712.58127
,2018-03-11 05:25,8516.17512
,2018-03-11 05:30,2360.94349
,2018-03-11 05:35,9577.88457
,2018-03-11 05:40,7648.76185
,2018-03-11 05:45,8153.95288
,2018-03-11 05:50,4104.82944
,2018-03-11 05:55,1377.12567
,2018-03-11 06:00,3503.67908
,2018-03-11 06:05,390.0137
,2018-03-11 06:10,3136.61128
,2018-03-11 06:15,8076.6631
,2018-03-11 06:20,4270.0558
,2018-03-11 06:25,9233.63652
,2018-03-11 06:30,2656.39106
,2018-03-11 06:35,8610.82648
,2018-03-11 06:40,1696.03839
,2018-03-11 06:45,5896.3987
,2018-03-11 06:50,9694.58068
,2018-03-11 06:55,8063.25405
,2018-03-11 07:00,6298.95661
,2018-03-11 07:05,210.29146
,2018-03-11 07:10,406.8756
,2018-03-11 07:15,4705.54649
,2018-03-11 07:20,8712.58147
,2018-03-11 07:25,9025.66479
,2018-03-11 07:30,5727.57123
,2018-03-11 07:35,4022.73238
,2018-03-11 07:40,8545.41172
,2018-03-11 07:45,6537.05725
,2018-03-11 07:50,9835.42115
,2018-03-11 07:55,3205.71229
,2018-03-11 08:00,8498.99917
,2018-03-11 08:05,7597.55956
,2018-03-11 08:10,1925.71801
,2018-03-11 08:15,1502.65019
,2018-03-11 08:20,7977.13124
,2018-03-11 08:25,5916.02474
,2018-03-11 08:30,5706.76657
,2018-03-11 08:35,1410.07013
,2018-03-11 08:40,7080.66728
,2018-03-11 08:45,6237.13514
,2018-03-11 08:50,6324.44269
,2018-03-11 08:55,4982.25363
,2018-03-11 09:00,8247.86684
,2018-03-11 09:05,2977.02411
,2018-03-11 09:10,3119.92523
,2018-03-11 09:15,934.84386
,2018-03-11 09:20,8437.11091
,2018-03-11 09:25,9076.08087
,2018-03-11 09:30,2779.50138
,2018-03-11 09:35,9235.48272
,2018-03-11 09:40,3497.8674
,2018-03-11 09:45,5082.93373
,2018-03-11 09:50,6754.73999
,2018-03-11 09:55,9768.14331
,2018-03-11 10:00,3086.02071
,2018-03-11 10:05,8007.2404
,2018-03-11 10:10,5969.10544
,2018-03-11 10:15,2910.13529
,2018-03-11 10:20,5848.54067
,2018-03-11 10:25,758.11496
,2018-03-11 10:30,1648.27501
,2018-03-11 10:35,7.45969
,2018-03-11 10:40,8030.73317
,2018-03-11 10:45,1014.21815
,2018-03-11 10:50,8685.11495
,2018-03-11 10:55,5740.12774
,2018-03-11 11:00,2230.32412
,2018-03-11 11:05,4003.35336
,2018-03-11 11:10,223.73444
,2018-03-11 11:15,587.58098
,2018-03-11 11:20,729.19155
,2018-03-11 11:25,8198.10156
,2018-03-11 11:30,2432.88073
,2018-03-11 11:35,1026.82714
,2018-03-11 11:40,2755.72625
,2018-03-11 11:45,8604.67787
,2018-03-11 11:50,6685.92012
,2018-03-11 11:55,6801.66624
,2018-03-11 12:00,9180.58329
,2018-03-11 12:05,9441.47028
,2018-03-11 12:10,5915.93326
,2018-03-11 12:15,6969.36981
,2018-03-11 12:20,2014.05709
,2018-03-11 12:25,9648.03513
,2018-03-11 12:30,5011.38827
,2018-03-11 12:35,4852.55186
,2018-03-11 12:40,9861.58848
,2018-03-11 12:45,3031.42421
,2018-03-11 12:50,3201.77231
,2018-03-11 12:55,1752.106
,2018-03-11 13:00,4585.70628
,2018-03-11 13:05,3080.84972
,2018-03-11 13:10,8800.50453
,2018-03-11 13:15,50.15048
,2018-03-11 13:20,2874.78368
,2018-03-11 13:25,3282.80142
,2018-03-11 13:30,8358.62374
,2018-03-11 13:35,7123.09186
,2018-03-11 13:40,1005.33301
,2018-03-11 13:45,4649.07365
,2018-03-11 13:50,275.34119
,2018-03-11 13:55,5119.09641
,2018-03-11 14:00,9039.97628
,2018-03-11 14:05,1794.13853
,2018-03-11 14:10,616.75845
,2018-03-11 14:15,5813.02972
,2018-03-11 14:20,6917.08727
,2018-03-11 14:25,4774.71598
,2018-03-11 14:30,3586.3104
,2018-03-11 14:35,7896.56762
,2018-03-11 14:40,8458.39759
,2018-03-11 14:45,4723.93667
,2018-03-11 14:50,9393.00041
,2018-03-11 14:55,7510.4556
,2018-03-11 15:00,3003.76201
,2018-03-11 15:05,3663.98
,2018-03-11 15:10,5000.19002
,2018-03-11 15:15,6948.37226
,2018-03-11 15:20,180.55562
,2018-03-11 15:25,7555.21031
,2018-03-11 15:30,742.86623
,2018-03-11 15:35,2711.63326
,2018-03-11 15:40,6485.62715
,2018-03-11 15:45,1130.93209
,2018-03-11 15:50,9863.14973
,2018-03-11 15:55,9147.113
,2018-03-11 16:00,6495.99856
,2018-03-11 16:05,7704.9174
,2018-03-11 16:10,760.11748
,2018-03-11 16:15,2938.38468
,2018-03-11 16:20,6254.31047
,2018-03-11 16:25,9422.53737
,2018-03-11 16:30,5588.26451
,2018-03-11 16:35,6818.48651
,2018-03-11 16:40,9616.75348
,2018-03-11 16:45,215.48268
,2018-03-11 16:50,8405.77811
,2018-03-11 16:55,156.54948
,2018-03-11 17:00,7774.9528
,2018-03-11 17:05,7879.29114
,2018-03-11 17:10,4992.64594
,2018-03-11 17:15,6249.19524
,2018-03-11 17:20,5059.9617
,2018-03-11 17:25,3815.87579
,2018-03-11 17:30,6730.7674
,2018-03-11 17:35,7462.3448
,2018-03-11 17:40,3773.20395
,2018-03-11 17:45,5921.1361
,2018-03-11 17:50,8998.12975
,2018-03-11 17:55,3854.22688
,2018-03-11 18:00,1732.42495
,2018-03-11 18:05,1464.95019
,2018-03-11 18:10,2648.85572
,2018-03-11 18:15,8868.4245
,2018-03-11 18:20,6335.12572
,2018-03-11 18:25,4066.56265
,2018-03-11 18:30,116.69373
,2018-03-11 18:35,3782.49008
,2018-03-11 18:40,2656.19462
,2018-03-11 18:45,5867.62485
,2018-03-11 18:50,1835.70173
,2018-03-11 18:55,4909.99321
,2018-03-11 19:00,786.57264
,2018-03-11 19:05,4260.4728
,2018-03-11 19:10,1082.6778
,2018-03-11 19:15,581.57555
,2018-03-11 19:20,5229.77461
,2018-03-11 19:25,7971.90807
,2018-03-11 19:30,2305.67602
,2018-03-11 19:35,9149.49805
,2018-03-11 19:40,4290.00719
,2018-03-11 19:45,8208.92317
,2018-03-11 19:50,3993.29053
,2018-03-11 19:55,1134.67048
,2018-03-11 20:00,7229.91634
,2018-03-11 20:05,9776.27827
,2018-03-11 20:10,52.06876
,2018-03-11 20:15,2929.65577
,2018-03-11 20:20,1822.19855
,2018-03-11 20:25,5553.91578
,2018-03-11 20:30,3468.28306
,2018-03-11 20:35,3696.69156
,2018-03-11 20:40,5697.08126
,2018-03-11 20:45,3268.98222
,2018-03-11 20:50,6779.18507
,2018-03-11 20:55,8756.15674
,2018-03-11 21:00,3722.7506
,2018-03-11 21:05,6564.96376
,2018-03-11 21:10,7368.02219
,2018-03-11 21:15,5180.9062
,2018-03-11 21:20,5141.81696
,2018-03-11 21:25,8834.90283
,2018-03-11 21:30,4407.4433
,2018-03-11 21:35,8959.77969
,2018-03-11 21:40,5139.14009
,2018-03-11 21:45,2597.60955
,2018-03-11 21:50,6311.07775
,2018-03-11 21:55,5719.21638
,2018-03-11 22:00,4107.51759
,2018-03-11 22:05,2274.84602
,2018-03-11 22:10,4364.11182
,2018-03-11 22:15,4922.09826
,2018-03-11 22:20,2749.65953
,2018-03-11 22:25,3248.04478
,2018-03-11 22:30,6959.69314
,2018-03-11 22:35,5726.10441
,2018-03-11 22:40,403.63978
,2018-03-11 22:45,3054.61161
,2018-03-11 22:50,5831.34555
,2018-03-11 22:55,6645.39114
,2018-03-11 23:00,7538.75079
,2018-03-11 23:05,36.2482
,2018-03-11 23:10,2921.48208
,2018-03-11 23:15,1378.14402
,2018-03-11 23:20,1228.18848
,2018-03-11 23:25,7258.88583
,2018-03-11 23:30,4453.60984
,2018-03-11 23:35,5574.09704
,2018-03-11 23:40,217.24565
,2018-03-11 23:45,7405.89441
,2018-03-11 23:50,3544.77861
,2018-03-11 23:55,1634.62203
,2018-03-12 00:00,9083.45875
,2018-03-12 00:05,8593.29103
,2018-03-12 00:10,3379.7025
,2018-03-12 00:15,8713.87487
,2018-03-12 00:20,9638.94001
,2018-03-12 00:25,7989.55119
,2018-03-12 00:30,5016.42792
,2018-03-12 00:35,6988.40527
,2018-03-12 00:40,1407.39954
,2018-03-12 00:45,5922.97031
,2018-03-12 00:50,762.13717
,2018-03-12 00:55,4194.32478
,2018-03-12 01:00,9509.05081
,2018-03-12 01:05,4609.42783
,2018-03-12 01:10,5398.88717
,2018-03-12 01:15,1001.17669
,2018-03-12 01:20,9371.29062
,2018-03-12 01:25,931.92951
,2018-03-12 01:30,8868.85022
,2018-03-12 01:35,6148.48397
,2018-03-12 01:40,8444.9405
,2018-03-12 01:45,6943.55414
,2018-03-12 01:50,8117.37829
,2018-03-12 01:55,4252.76689
,2018-03-12 02:00,9043.46402
,2018-03-12 02:05,3415.80827
,2018-03-12 02:10,4811.10488
,2018-03-12 02:15,2594.51689
,2018-03-12 02:20,8.56505
,2018-03-12 02:25,4636.9811
,2018-03-12 02:30,9406.75785
,2018-03-12 02:35,1694.82719
,2018-03-12 02:40,2045.74158
,2018-03-12 02:45,8708.92288
,2018-03-12 02:50,1078.39145
,2018-03-12 02:55,7925.27499
,2018-03-12 03:00,5377.01434
,2018-03-12 03:05,28.02824
,2018-03-12 03:10,9518.36415
,2018-03-12 03:15,4249.34334
,2018-03-12 03:20,7452.4006
,2018-03-12 03:25,3767.15793
,2018-03-12 03:30,4112.09892
,2018-03-12 03:35,15.94549
,2018-03-12 03:40,7266.65352
,2018-03-12 03:45,8013.43112
,2018-03-12 03:50,1691.07242
,2018-03-12 03:55,7585.33651
,2018-03-12 04:00,8061.95239
,2018-03-12 04:05,721.47237
,2018-03-12 04:10,701.1464
,2018-03-12 04:15,105.34063
,2018-03-12 04:20,7703.72479
,2018-03-12 04:25,6591.56192
,2018-03-12 04:30,115.37843
,2018-03-12 04:35,3577.37858
,2018-03-12 04:40,6922.19374
,2018-03-12 04:45,3716.42624
,2018-03-12 04:50,3128.41166
,2018-03-12 04:55,5718.1609
,2018-03-12 05:00,4055.51178
,2018-03-12 05:05,2864.39541
,2018-03-12 05:10,5469.17122
,2018-03-12 05:15,3130.49171
,2018-03-12 05:20,7919.69542
,2018-03-12 05:25,9770.49597
,2018-03-12 05:30,6182.76488
,2018-03-12 05:35,4428.65728
,2018-03-12 05:40,4325.78693
,2018-03-12 05:45,3976.41548
,2018-03-12 05:50,5070.91641
,2018-03-12 05:55,1073.79909
,2018-03-12 06:00,6200.18819
,2018-03-12 06:05,3779.20648
,2018-03-12 06:10,2074.58267
,2018-03-12 06:15,7972.70525
,2018-03-12 06:20,4750.54632
,2018-03-12 06:25,6527.71078
,2018-03-12 06:30,5061.25289
,2018-03-12 06:35,6530.52024
,2018-03-12 06:40,9788.97289
,2018-03-12 06:45,5525.11711
,2018-03-12 06:50,7182.28035
,2018-03-12 06:55,7559.14561
,2018-03-12 07:00,5193.09692
,2018-03-12 07:05,1267.09685
,2018-03-12 07:10,6572.4448
,2018-03-12 07:15,1241.4105
,2018-03-12 07:20,5060.83676
,2018-03-12 07:25,3957.89342
,2018-03-12 07:30,7384.56163
,2018-03-12 07:35,1662.95336
,2018-03-12 07:40,2793.09194
,2018-03-12 07:45,2443.09846
,2018-03-12 07:50,7398.51485
,2018-03-12 07:55,3619.47792
,2018-03-12 08:00,9652.02089
,2018-03-12 08:05,3804.54229
,2018-03-12 08:10,6279.3416
,2018-03-12 08:15,2115.81447
,2018-03-12 08:20,4814.30415
,2018-03-12 08:25,221.70388
,2018-03-12 08:30,6465.11666
,2018-03-12 08:35,1678.24808
,2018-03-12 08:40,122.90196
,2018-03-12 08:45,8333.99511
,2018-03-12 08:50,524.77939
,2018-03-12 08:55,8357.55432
,2018-03-12 09:00,5165.08839
,2018-03-12 09:05,2119.22648
,2018-03-12 09:10,1744.92687
,2018-03-12 09:15,4522.31889
,2018-03-12 09:20,6717.76207
,2018-03-12 09:25,7049.18662
,2018-03-12 09:30,7163.83209
,2018-03-12 09:35,7684.71479
,2018-03-12 09:40,3552.38321
,2018-03-12 09:45,8094.08914
,2018-03-12 09:50,8101.56326
,2018-03-12 09:55,3607.81386
,2018-03-12 10:00,8102.45356
,2018-03-12 10:05,2075.20646
,2018-03-12 10:10,3542.54487
,2018-03-12 10:15,551.17503
,2018-03-12 10:20,9344.60043
,2018-03-12 10:25,1074.82536
,2018-03-12 10:30,8424.34128
,2018-03-12 10:35,4680.79725
,2018-03-12 10:40,6796.01836
,2018-03-12 10:45,9094.87109
,2018-03-12 10:50,6837.93603
,2018-03-12 10:55,8411.65274
,2018-03-12 11:00,8794.19389
,2018-03-12 11:05,1662.75113
,2018-03-12 11:10,2030.93623
,2018-03-12 11:15,1129.26507
,2018-03-12 11:20,6887.46342
,2018-03-12 11:25,1459.63907
,2018-03-12 11:30,2717.15182
,2018-03-12 11:35,4001.35588
,2018-03-12 11:40,1153.17574
,2018-03-12 11:45,3067.09246
,2018-03-12 11:50,3886.1855
,2018-03-12 11:55,9049.82981
,2018-03-12 12:00,9529.75957
,2018-03-12 12:05,7379.73676
,2018-03-12 12:10,5605.14202
,2018-03-12 12:15,2653.24042
,2018-03-12 12:20,1471.02821
,2018-03-12 12:25,7667.15972
,2018-03-12 12:30,1793.76105
,2018-03-12 12:35,428.2014
,2018-03-12 12:40,5577.70136
,2018-03-12 12:45,7651.77214
,2018-03-12 12:50,2038.06949
,2018-03-12 12:55,8503.78921
,2018-03-12 13:00,6457.43758
,2018-03-12 13:05,6214.35558
,2018-03-12 13:10,2439.9847
,2018-03-12 13:15,5942.16794
,2018-03-12 13:20,7041.82397
,2018-03-12 13:25,4858.32756
,2018-03-12 13:30,1243.95821
,2018-03-12 13:35,6683.97469
,2018-03-12 13:40,8625.75727
,2018-03-12 13:45,4654.65791
,2018-03-12 13:50,8437.30882
,2018-03-12 13:55,6042.11242
,2018-03-12 14:00,7731.64022
,2018-03-12 14:05,2953.57616
,2018-03-12 14:10,3073.65466
,2018-03-12 14:15,5511.49099
,2018-03-12 14:20,2459.86294
,2018-03-12 14:25,4042.77184
,2018-03-12 14:30,8832.73917
,2018-03-12 14:35,6551.10634
,2018-03-12 14:40,7855.77052
,2018-03-12 14:45,9776.58283
,2018-03-12 14:50,113.23604
,2018-03-12 14:55,537.30568
,2018-03-12 15:00,6126.67127
,2018-03-12 15:05,2966.96472
,2018-03-12 15:10,7130.15325
,2018-03-12 15:15,8461.54481
,2018-03-12 15:20,3167.08434
,2018-03-12 15:25,2451.25062
,2018-03-12 15:30,3654.57426
,2018-03-12 15:35,6147.16434
,2018-03-12 15:40,8588.30627
,2018-03-12 15:45,447.87777
,2018-03-12 15:50,3843.79697
,2018-03-12 15:55,5518.52799
,2018-03-12 16:00,3571.76615
,2018-03-12 16:05,4576.86383
,2018-03-12 16:10,8148.55141
,2018-03-12 16:15,1059.15922
,2018-03-12 16:20,4128.83201
,2018-03-12 16:25,590.20286
,2018-03-12 16:30,5242.01228
,2018-03-12 16:35,1744.33436
,2018-03-12 16:40,2380.47912
,2018-03-12 16:45,9233.88057
,2018-03-12 16:50,4398.85524
,2018-03-12 16:55,378.22989
,2018-03-12 17:00,8244.91064
,2018-03-12 17:05,7944.94875
,2018-03-12 17:10,2776.85024
,2018-03-12 17:15,4685.20666
,2018-03-12 17:20,7281.64514
,2018-03-12 17:25,8750.0751
,2018-03-12 17:30,5015.07035
,2018-03-12 17:35,6799.41912
,2018-03-12 17:40,7864.10914
,2018-03-12 17:45,4533.13852
,2018-03-12 17:50,889.11149
,2018-03-12 17:55,5899.84518
,2018-03-12 18:00,3221.62161
,2018-03-12 18:05,9621.44121
,2018-03-12 18:10,2588.87
,2018-03-12 18:15,1369.42475
,2018-03-12 18:20,858.18321
,2018-03-12 18:25,2204.111
,2018-03-12 18:30,21.89222
,2018-03-12 18:35,6519.10805
,2018-03-12 18:40,386.46754
,2018-03-12 18:45,4114.40669
,2018-03-12 18:50,820.05317
,2018-03-12 18:55,5734.69721
,2018-03-12 19:00,2943.98884
,2018-03-12 19:05,2485.46587
,2018-03-12 19:10,5007.71291
,2018-03-12 19:15,1012.99158
,2018-03-12 19:20,9587.8999
,2018-03-12 19:25,9763.02962
,2018-03-12 19:30,963.45083
,2018-03-12 19:35,9726.59998
,2018-03-12 19:40,6509.27545
,2018-03-12 19:45,6566.16363
,2018-03-12 19:50,2935.63995
,2018-03-12 19:55,8782.22552
,2018-03-12 20:00,4952.91159
,2018-03-12 20:05,9547.17181
,2018-03-12 20:10,3852.14356
,2018-03-12 20:15,2465.96877
,2018-03-12 20:20,5206.92506
,2018-03-12 20:25,5203.9897
,2018-03-12 20:30,8147.2045
,2018-03-12 20:35,4287.34431
,2018-03-12 20:40,5652.75131
,2018-03-12 20:45,9370.25979
,2018-03-12 20:50,757.45308
,2018-03-12 20:55,7150.76715
,2018-03-12 21:00,5363.48395
,2018-03-12 21:05,7138.55092
,2018-03-12 21:10,4989.74979
,2018-03-12 21:15,1747.13368
,2018-03-12 21:20,360.21003
,2018-03-12 21:25,6062.5487
,2018-03-12 21:30,9484.82248
,2018-03-12 21:35,4665.01713
,2018-03-12 21:40,897.57741
,2018-03-12 21:45,2579.26376
,2018-03-12 21:50,3318.56501
,2018-03-12 21:55,8609.29628
,2018-03-12 22:00,667.5443
,2018-03-12 22:05,4391.13096
,2018-03-12 22:10,8434.75845
,2018-03-12 22:15,207.44654
,2018-03-12 22:20,1751.60698
,2018-03-12 22:25,4451.49215
,2018-03-12 22:30,4098.8756
,2018-03-12 22:35,6104.03521
,2018-03-12 22:40,7987.18882
,2018-03-12 22:45,9242.30161
,2018-03-12 22:50,6753.58954
,2018-03-12 22:55,2053.71773
,2018-03-12 23:00,8668.82394
,2018-03-12 23:05,8116.21657
,2018-03-12 23:10,2970.68098
,2018-03-12 23:15,5770.00562
,2018-03-12 23:20,284.55969
,2018-03-12 23:25,9322.71864
,2018-03-12 23:30,4259.96296
,2018-03-12 23:35,9414.7832
,2018-03-12 23:40,9297.04839
,2018-03-12 23:45,5455.25867
,2018-03-12 23:50,8856.08652
,2018-03-12 23:55,3428.58302
,2018-03-13 00:00,1670.29653
